{
  "model_type": "Ridge linear regression on log crop price",
  "target": "USD crop price",
  "feature_names": [
    "base_price",
    "region_multiplier",
    "volatility",
    "climate_risk",
    "base_demand",
    "period_months",
    "inflation",
    "currency_weakness",
    "demand_growth",
    "fuel_cost",
    "war_risk",
    "supply_shortage",
    "climate_effect",
    "crop_condition_effect",
    "economy_effect",
    "policy_effect",
    "live_price_ratio",
    "season_sin",
    "season_cos"
  ],
  "feature_means": {
    "base_price": 996.6818181818181,
    "region_multiplier": 0.9392857142857143,
    "volatility": 0.20090909090909093,
    "climate_risk": 0.1268181818181818,
    "base_demand": 0.0790909090909091,
    "period_months": 6.5,
    "inflation": 0.061474923092379175,
    "currency_weakness": 0.11361092721186176,
    "demand_growth": 0.07908926315850202,
    "fuel_cost": 0.11284568648417478,
    "war_risk": 0.13429547081436272,
    "supply_shortage": 0.2710950845749681,
    "climate_effect": 0.066,
    "crop_condition_effect": 0.064,
    "economy_effect": -0.017499999999999998,
    "policy_effect": -0.004000000000000001,
    "live_price_ratio": 1.0,
    "season_sin": 5.579460723624798e-18,
    "season_cos": -4.7212824147065646e-17
  },
  "feature_scales": {
    "base_price": 1674.407585505003,
    "region_multiplier": 0.12953015565685774,
    "volatility": 0.06021998240610616,
    "climate_risk": 0.025295771050866413,
    "base_demand": 0.018067824467592537,
    "period_months": 3.452052529534663,
    "inflation": 0.05117333647145642,
    "currency_weakness": 0.09346827056898026,
    "demand_growth": 0.025280909844348082,
    "fuel_cost": 0.0503328004699156,
    "war_risk": 0.16115664085420206,
    "supply_shortage": 0.0780954568547151,
    "climate_effect": 0.09583318840568752,
    "crop_condition_effect": 0.128,
    "economy_effect": 0.054943152439589776,
    "policy_effect": 0.07227724399837061,
    "live_price_ratio": 1,
    "season_sin": 0.7071067811865476,
    "season_cos": 0.7071067811865476
  },
  "intercept": 6.523243867736037,
  "weights": [
    0.8373174276659824,
    0.12791010363401464,
    -0.006992959320736721,
    0.2178359141305933,
    0.19759388047094192,
    0.00692810638971103,
    0.0071145466473040665,
    0.03159456390003019,
    0.013177508890339855,
    0.0045088456699662735,
    0.019632793006313945,
    0.028911456717084037,
    0.06889189751439634,
    0.08741256619059878,
    0.037967784808493645,
    0.05234769423884223,
    0.0,
    0.0006246938688824007,
    0.000649783617778412
  ],
  "metrics": {
    "training_rows": 36960,
    "mape_percent": 47.46,
    "r2_score": -0.1608
  },
  "training_data": "data\\historical_crop_prices.csv",
  "note": "Trained locally from 10 years of monthly historical-style crop, region, climate, economy, risk, seasonality, and market-signal samples. Replace the CSV with verified mandi/market records to improve production accuracy."
}