{
  "model_type": "Ridge linear regression on log crop price",
  "target": "USD crop price",
  "feature_names": [
    "base_price",
    "region_multiplier",
    "volatility",
    "climate_risk",
    "base_demand",
    "period_months",
    "inflation",
    "currency_weakness",
    "demand_growth",
    "fuel_cost",
    "war_risk",
    "supply_shortage",
    "climate_effect",
    "crop_condition_effect",
    "economy_effect",
    "policy_effect",
    "live_price_ratio",
    "season_sin",
    "season_cos"
  ],
  "feature_means": {
    "base_price": 996.6818181818181,
    "region_multiplier": 0.9392857142857142,
    "volatility": 0.2009090909090909,
    "climate_risk": 0.12681818181818183,
    "base_demand": 0.0790909090909091,
    "period_months": 6.5,
    "inflation": 0.061497273636827963,
    "currency_weakness": 0.1135620540847391,
    "demand_growth": 0.07910918828230615,
    "fuel_cost": 0.11282958254596218,
    "war_risk": 0.13431373865417767,
    "supply_shortage": 0.27106536087504823,
    "climate_effect": 0.06600739538239538,
    "crop_condition_effect": 0.0638699494949495,
    "economy_effect": -0.017499999999999998,
    "policy_effect": -0.004007485569985571,
    "live_price_ratio": 1.0,
    "season_sin": 5.579460723624526e-18,
    "season_cos": -4.721282414706648e-17
  },
  "feature_scales": {
    "base_price": 1674.4075855050032,
    "region_multiplier": 0.12953015565685777,
    "volatility": 0.060219982406106154,
    "climate_risk": 0.025295771050866413,
    "base_demand": 0.018067824467592537,
    "period_months": 3.452052529534663,
    "inflation": 0.051173807814301794,
    "currency_weakness": 0.09357691734509391,
    "demand_growth": 0.025331281249402166,
    "fuel_cost": 0.0501392153591901,
    "war_risk": 0.16127999369069448,
    "supply_shortage": 0.07811798329709073,
    "climate_effect": 0.09583170871650348,
    "crop_condition_effect": 0.12793567179316787,
    "economy_effect": 0.054943152439589776,
    "policy_effect": 0.07227678566645757,
    "live_price_ratio": 1,
    "season_sin": 0.7071067811865476,
    "season_cos": 0.7071067811865476
  },
  "intercept": 6.523216441497334,
  "weights": [
    0.837356127927144,
    0.12677265611211727,
    -0.007036562763605091,
    0.2199354923308306,
    0.19872016597207606,
    0.006977661715856892,
    0.009824278072474879,
    0.031102670933464697,
    0.011658056334104399,
    0.005437887888792771,
    0.02180273404797206,
    0.0226132101670652,
    0.0688243016995823,
    0.092109919183622,
    0.03785711504113915,
    0.052512933471276106,
    0.0,
    0.0006785493967338416,
    0.000636109981721728
  ],
  "metrics": {
    "training_rows": 22176,
    "mape_percent": 47.46,
    "r2_score": -0.1621
  },
  "training_data": "data\\historical_crop_prices.csv",
  "note": "Trained locally from historical-style crop, region, climate, economy, risk, seasonality, and market-signal samples. Replace the CSV with verified mandi/market records to improve production accuracy."
}